tahun,latitude,longitude,nama_provinsi,nama_kabupaten_kota,nama_kelurahan,nama_kecamatan,jumlaluas_wilayah,jumlah_kepadatanjiwakm2
2017,-6.120065,106.892275,PROVINSI DKI JAKARTA,JAKARTA UTARA,kebon bawang,TANJUNG PRIOK,1.73,35219.46
2017,-6.151319,106.904672,PROVINSI DKI JAKARTA,JAKARTA UTARA,kelapa gading timur,KELAPA GADING,5.31,7448.64
2017,-6.166644,106.902424,PROVINSI DKI JAKARTA,JAKARTA UTARA,kelapa gading timur,KELAPA GADING,5.31,7448.64
2017,-6.154413,106.910807,PROVINSI DKI JAKARTA,JAKARTA UTARA,pegangsaan dua,KELAPA GADING,6.28,8931.45
2017,-6.162897,106.884723,PROVINSI DKI JAKARTA,JAKARTA UTARA,kelapa gading barat,KELAPA GADING,4.53,8992.54
2017,-6.126705,106.793906,PROVINSI DKI JAKARTA,JAKARTA UTARA,penjaringan,PENJARINGAN,3.95,26604.71
2017,-6.125477,106.800805,PROVINSI DKI JAKARTA,JAKARTA UTARA,penjaringan,PENJARINGAN,3.95,26604.71
2017,-6.133556,106.779851,PROVINSI DKI JAKARTA,JAKARTA UTARA,pejagalan,PENJARINGAN,2.23,27297.79
2017,-6.098341,106.714253,PROVINSI DKI JAKARTA,JAKARTA UTARA,kamal muara,PENJARINGAN,10.53,13.46
2017,-6.136835,106.763755,PROVINSI DKI JAKARTA,JAKARTA UTARA,kapuk muara,PENJARINGAN,10.06,3872.4
2017,-6.12192,106.775666,PROVINSI DKI JAKARTA,JAKARTA UTARA,pluit,PENJARINGAN,7.71,6794.3
2017,-6.116628,106.892764,PROVINSI DKI JAKARTA,JAKARTA UTARA,kebon bawang,TANJUNG PRIOK,1.73,35219.46
2017,-6.112824,106.881502,PROVINSI DKI JAKARTA,JAKARTA UTARA,tanjung priok,TANJUNG PRIOK,5.54,7594.22
2017,-6.116196,106.881013,PROVINSI DKI JAKARTA,JAKARTA UTARA,sungai bambu,TANJUNG PRIOK,2.36,15173.1
2017,-6.115853,106.888722,PROVINSI DKI JAKARTA,JAKARTA UTARA,kebon bawang,TANJUNG PRIOK,1.73,35219.46
2017,-6.119739,106.875361,PROVINSI DKI JAKARTA,JAKARTA UTARA,warakas,TANJUNG PRIOK,1.09,49014.15
2017,-6.149698,106.867397,PROVINSI DKI JAKARTA,JAKARTA UTARA,sunter jaya,TANJUNG PRIOK,4.58,15911.12
2017,-6.139265,106.871217,PROVINSI DKI JAKARTA,JAKARTA UTARA,sunter agung,TANJUNG PRIOK,7.02,1188.78
2017,-6.13017,106.871322,PROVINSI DKI JAKARTA,JAKARTA UTARA,papanggo,TANJUNG PRIOK,2.8,16623.9
2017,-6.117971,106.910785,PROVINSI DKI JAKARTA,JAKARTA UTARA,lagoa,KOJA,1.58,44808.61
NA,-6.128293,106.898815,NA,NA,rawabadak selatan,NA,NA,NA
2017,-6.16636,106.88136,PROVINSI DKI JAKARTA,JAKARTA UTARA,koja,KOJA,3.28,10504.88
NA,-6.11916,106.898729,NA,NA,rawabadak utara,NA,NA,NA
2017,-6.131308,106.908043,PROVINSI DKI JAKARTA,JAKARTA UTARA,tugu selatan,KOJA,2.68,16891.42
2017,-6.114078,106.910727,PROVINSI DKI JAKARTA,JAKARTA UTARA,lagoa,KOJA,1.58,44808.61
2017,-6.122828,106.912973,PROVINSI DKI JAKARTA,JAKARTA UTARA,tugu utara,KOJA,3.32,24493.98
2017,-6.102511,106.939186,PROVINSI DKI JAKARTA,JAKARTA UTARA,cilincing,CILINCING,6.31,8356.44
2017,-6.109162,106.938919,PROVINSI DKI JAKARTA,JAKARTA UTARA,cilincing,CILINCING,6.31,8356.44
NA,-6.102268,106.92894,NA,NA,kalibaru,NA,NA,NA
2017,-6.130436,106.92774,PROVINSI DKI JAKARTA,JAKARTA UTARA,semper barat,CILINCING,1.59,51127.18
2017,-6.112727,106.92611,PROVINSI DKI JAKARTA,JAKARTA UTARA,semper timur,CILINCING,3.16,13289.26
2017,-6.124655,106.958301,PROVINSI DKI JAKARTA,JAKARTA UTARA,marunda,CILINCING,7.92,3993.99
2017,-6.151899,106.956046,PROVINSI DKI JAKARTA,JAKARTA UTARA,rorotan,CILINCING,10.64,4279.4
2017,-6.148037,106.924159,PROVINSI DKI JAKARTA,JAKARTA UTARA,sukapura,CILINCING,5.61,11632.53
2017,-6.133156,106.837045,PROVINSI DKI JAKARTA,JAKARTA UTARA,pademangan barat,PADEMANGAN,3.53,25422.1
2017,-6.123823,106.817269,PROVINSI DKI JAKARTA,JAKARTA UTARA,ancol,PADEMANGAN,3.77,7652.14
2017,-6.130801,106.845358,PROVINSI DKI JAKARTA,JAKARTA UTARA,pademangan timur,PADEMANGAN,2.61,16315.65
2017,-6.132591,106.840214,PROVINSI DKI JAKARTA,JAKARTA UTARA,pademangan barat,PADEMANGAN,3.53,25422.1
2017,-6.185834,106.737469,PROVINSI DKI JAKARTA,JAKARTA BARAT,kembangan selatan,KEMBANGAN,3.61,8276.43
NA,-6.150372,106.726847,NA,NA,ceng - barat,NA,NA,NA
NA,-6.149718,106.721162,NA,NA,ceng - barat,NA,NA,NA
NA,-6.145135,106.733355,NA,NA,ceng - timur,NA,NA,NA
2017,-6.131364,106.746135,PROVINSI DKI JAKARTA,JAKARTA BARAT,kapuk,CENGKARENG,5.63,27369.55
2017,6.1721,106.722122,PROVINSI DKI JAKARTA,JAKARTA BARAT,duri kosambi,CENGKARENG,5.91,14568.2
2017,-6.170786,106.731163,PROVINSI DKI JAKARTA,JAKARTA BARAT,rawa buaya,CENGKARENG,4.07,17383.14
2017,-6.153571,106.762131,PROVINSI DKI JAKARTA,JAKARTA BARAT,kedaung kali angke,CENGKARENG,2.81,13168.3
NA,-6.178131,106.78324,NA,NA,tj. duren utara,NA,NA,NA
2017,-6.159235,106.793382,PROVINSI DKI JAKARTA,JAKARTA BARAT,grogol,GROGOL PETAMBURAN,1.22,16089.97
2017,-6.147199,106.781481,PROVINSI DKI JAKARTA,JAKARTA BARAT,jelambar baru,GROGOL PETAMBURAN,0.14,304082.6
NA,-6.18116,106.787935,NA,NA,tj. duren selatan,NA,NA,NA
NA,-6.173333,106.789006,NA,NA,tj. duren utara,NA,NA,NA
2017,-6.171605,106.800174,PROVINSI DKI JAKARTA,JAKARTA BARAT,tomang,GROGOL PETAMBURAN,1.88,1802.25
NA,-6.161539,106.781631,NA,NA,jelambar  ,NA,NA,NA
2017,-6.15364,106.772432,PROVINSI DKI JAKARTA,JAKARTA BARAT,wijaya kusuma,GROGOL PETAMBURAN,2.2,20385.45
2017,-6.143507,106.79134,PROVINSI DKI JAKARTA,JAKARTA BARAT,angke,TAMBORA,0.78,44559.71
NA,-6.156371,106.799287,NA,NA,kalianyar,NA,NA,NA
2017,-6.146752,106.808577,PROVINSI DKI JAKARTA,JAKARTA BARAT,tambora,TAMBORA,0.28,43243.91
2017,-6.158306,106.808608,PROVINSI DKI JAKARTA,JAKARTA BARAT,tanah sereal,TAMBORA,0.62,49571.22
NA,-6.152139,106.801885,NA,NA,krendang,NA,NA,NA
2017,-6.152691,106.798254,PROVINSI DKI JAKARTA,JAKARTA BARAT,jembatan besi,TAMBORA,0.55,63332.13
2017,-6.143517,106.800282,PROVINSI DKI JAKARTA,JAKARTA BARAT,angke,TAMBORA,0.78,44559.71
2017,-6.144399,106.800717,PROVINSI DKI JAKARTA,JAKARTA BARAT,jembatan lima,TAMBORA,0.46,53515.44
2017,-6.158185,106.802458,PROVINSI DKI JAKARTA,JAKARTA BARAT,duri selatan,TAMBORA,0.34,49346.94
2017,-6.139497,106.800964,PROVINSI DKI JAKARTA,JAKARTA BARAT,pekojan,TAMBORA,0.78,34523.14
2017,-6.154834,106.801833,PROVINSI DKI JAKARTA,JAKARTA BARAT,duri utara,TAMBORA,0.41,57775.31
2017,-6.132536,106.807495,PROVINSI DKI JAKARTA,JAKARTA BARAT,roa malaka,TAMBORA,0.53,744.68
2017,-6.134273,106.815397,PROVINSI DKI JAKARTA,JAKARTA BARAT,pinangsia,TAMAN SARI,0.96,13117.79
2017,-6.150722,106.823192,PROVINSI DKI JAKARTA,JAKARTA BARAT,taman sari,TAMAN SARI,0.68,24971.94
2017,-6.14618,106.812832,PROVINSI DKI JAKARTA,JAKARTA BARAT,glodok,TAMAN SARI,0.38,23257.98
2017,-6.147329,106.819252,PROVINSI DKI JAKARTA,JAKARTA BARAT,mangga besar,TAMAN SARI,0.51,17367.91
2017,-6.13844,106.819587,PROVINSI DKI JAKARTA,JAKARTA BARAT,pinangsia,TAMAN SARI,0.96,13117.79
2017,-6.155647,106.816278,PROVINSI DKI JAKARTA,JAKARTA BARAT,krukut,TAMAN SARI,0.55,41024.15
2017,-6.146343,106.822541,PROVINSI DKI JAKARTA,JAKARTA BARAT,tangki,TAMAN SARI,3.75,4062.72
2017,-6.150889,106.814952,PROVINSI DKI JAKARTA,JAKARTA BARAT,keagungan,TAMAN SARI,0.32,64568.64
2017,-6.152936,106.818677,PROVINSI DKI JAKARTA,JAKARTA BARAT,maphar,TAMAN SARI,0.59,3261.61
NA,-6.142246,106.702167,NA,NA,pegadungan ,NA,NA,NA
2017,-6.160107,106.705479,PROVINSI DKI JAKARTA,JAKARTA BARAT,semanan,KALI DERES,5.98,13347.49
2017,-6.143427,106.692377,PROVINSI DKI JAKARTA,JAKARTA BARAT,kalideres,KALI DERES,5.71,14079.85
NA,-6.129842,106.710954,NA,NA,pegadungan ,NA,NA,NA
2017,-6.104496,106.706132,PROVINSI DKI JAKARTA,JAKARTA BARAT,kamal,KALI DERES,4.9,11859.18
2017,-6.118345,106.719677,PROVINSI DKI JAKARTA,JAKARTA BARAT,tegal alur,KALI DERES,4.97,18852.81
2017,-6.198861,106.786992,PROVINSI DKI JAKARTA,JAKARTA BARAT,palmerah,PALMERAH,2.33,30677.68
2017,-6.185047,106.801923,PROVINSI DKI JAKARTA,JAKARTA BARAT,kota bambu selatan,PALMERAH,0.58,43405.11
2017,-6.202172,106.787003,PROVINSI DKI JAKARTA,JAKARTA BARAT,palmerah,PALMERAH,2.33,30677.68
NA,-6.177013,106.804228,NA,NA,jatipulo,NA,NA,NA
2017,-6.185378,106.807393,PROVINSI DKI JAKARTA,JAKARTA BARAT,kota bambu utara,PALMERAH,0.64,46141.87
2017,-6.193573,106.801947,PROVINSI DKI JAKARTA,JAKARTA BARAT,slipi,PALMERAH,0.97,1973.3
2017,-6.192377,106.786668,PROVINSI DKI JAKARTA,JAKARTA BARAT,kemanggisan,PALMERAH,2.11,1756.71
2017,-6.198773,106.764278,PROVINSI DKI JAKARTA,JAKARTA BARAT,kebon jeruk,KEBON JERUK,3.69,15967.76
2017,-6.209984,106.777643,PROVINSI DKI JAKARTA,JAKARTA BARAT,sukabumi utara,KEBON JERUK,1.57,27857.92
2017,-6.176943,106.767501,PROVINSI DKI JAKARTA,JAKARTA BARAT,kedoya utara,KEBON JERUK,3.15,16286.3
2017,-6.179691,106.759018,PROVINSI DKI JAKARTA,JAKARTA BARAT,kedoya selatan,KEBON JERUK,2.28,15812.98
2017,-6.184792,106.773111,PROVINSI DKI JAKARTA,JAKARTA BARAT,duri kepa,KEBON JERUK,3.87,17418.9
NA,-6.189925,106.772965,NA,NA,kebon jeruk ,NA,NA,NA
2017,-6.217771,106.769902,PROVINSI DKI JAKARTA,JAKARTA BARAT,sukabumi selatan,KEBON JERUK,1.57,27059.54
NA,-6.214366,106.769434,NA,NA,kelapa dua ,NA,NA,NA
2017,-6.194937,106.736464,PROVINSI DKI JAKARTA,JAKARTA BARAT,meruya utara,KEMBANGAN,4.33,11264.78
2017,-6.183414,106.751587,PROVINSI DKI JAKARTA,JAKARTA BARAT,kembangan selatan,KEMBANGAN,3.61,8276.43
2017,-6.19641,106.747712,PROVINSI DKI JAKARTA,JAKARTA BARAT,meruya utara,KEMBANGAN,4.33,11264.78
2017,-6.214936,106.736291,PROVINSI DKI JAKARTA,JAKARTA BARAT,meruya selatan,KEMBANGAN,2.8,12593.21
NA,-6.203516,106.756717,NA,NA,srengseng  ,NA,NA,NA
2017,-6.220434,106.735461,PROVINSI DKI JAKARTA,JAKARTA BARAT,joglo,KEMBANGAN,4.86,9337.93
2017,-6.179079,106.735312,PROVINSI DKI JAKARTA,JAKARTA BARAT,kembangan utara,KEMBANGAN,3.65,16624.94
2017,-6.172977,106.819,PROVINSI DKI JAKARTA,JAKARTA PUSAT,petojo selatan,GAMBIR,1.14,16004.4
2017,-6.170712,106.818958,PROVINSI DKI JAKARTA,JAKARTA PUSAT,petojo selatan,GAMBIR,1.14,16004.4
2017,-6.167929,106.809339,PROVINSI DKI JAKARTA,JAKARTA PUSAT,cideng,GAMBIR,1.26,1562.35
2017,-6.162427,106.817488,PROVINSI DKI JAKARTA,JAKARTA PUSAT,petojo utara,GAMBIR,1.12,19813.13
2017,-6.164012,106.825448,PROVINSI DKI JAKARTA,JAKARTA PUSAT,kebon kelapa,GAMBIR,0.78,16822.2
2017,-6.179973,106.819697,PROVINSI DKI JAKARTA,JAKARTA PUSAT,gambir,GAMBIR,2.58,1241.29
2017,-6.171851,106.81685,PROVINSI DKI JAKARTA,JAKARTA PUSAT,petojo selatan,GAMBIR,1.14,16004.4
2017,-6.163854,106.809278,PROVINSI DKI JAKARTA,JAKARTA PUSAT,duri pulo,GAMBIR,0.71,35931.27
2017,-6.155388,106.827519,PROVINSI DKI JAKARTA,JAKARTA PUSAT,karang anyar,SAWAH BESAR,0.51,65788.65
2017,-6.137915,106.827144,PROVINSI DKI JAKARTA,JAKARTA PUSAT,mangga dua selatan,SAWAH BESAR,1.29,28317.45
2017,-6.155777,106.828691,PROVINSI DKI JAKARTA,JAKARTA PUSAT,karang anyar,SAWAH BESAR,0.51,65788.65
2017,-6.161219,106.829782,PROVINSI DKI JAKARTA,JAKARTA PUSAT,pasar baru,SAWAH BESAR,1.89,8521.3
2017,-6.153018,106.838682,PROVINSI DKI JAKARTA,JAKARTA PUSAT,gunung sahari utara,SAWAH BESAR,1.9,10938.47
2017,6.1525,106.831764,PROVINSI DKI JAKARTA,JAKARTA PUSAT,kartini,SAWAH BESAR,0.57,50704.23
2017,-6.156492,106.863806,PROVINSI DKI JAKARTA,JAKARTA PUSAT,serdang,KEMAYORAN,0.82,45287.61
2017,-6.160784,106.845892,PROVINSI DKI JAKARTA,JAKARTA PUSAT,gunung sahari selatan,KEMAYORAN,1.53,15949.71
2017,-6.153446,106.858347,PROVINSI DKI JAKARTA,JAKARTA PUSAT,kebon kosong,KEMAYORAN,1.16,31065.4
2017,-6.16781,106.843681,PROVINSI DKI JAKARTA,JAKARTA PUSAT,kemayoran,KEMAYORAN,0.53,49754.52
2017,-6.157309,106.857179,PROVINSI DKI JAKARTA,JAKARTA PUSAT,serdang,KEMAYORAN,0.82,45287.61
NA,-6.167916,106.857563,NA,NA,harapan mulia ,NA,NA,NA
2017,-6.162565,106.855051,PROVINSI DKI JAKARTA,JAKARTA PUSAT,utan panjang,KEMAYORAN,0.54,68103.66
2017,-6.169854,106.859387,PROVINSI DKI JAKARTA,JAKARTA PUSAT,cempaka baru,KEMAYORAN,0.99,41318.84
2017,-6.164499,106.871243,PROVINSI DKI JAKARTA,JAKARTA PUSAT,sumur batu,KEMAYORAN,1.15,24675.37
2017,-6.183552,106.843427,PROVINSI DKI JAKARTA,JAKARTA PUSAT,kwitang,SENEN,0.45,42859.6
NA,-6.172479,106.842495,NA,NA,senen ,NA,NA,NA
2017,-6.186738,106.840922,PROVINSI DKI JAKARTA,JAKARTA PUSAT,kwitang,SENEN,0.45,42859.6
2017,-6.190854,106.846029,PROVINSI DKI JAKARTA,JAKARTA PUSAT,kenari,SENEN,0.92,12593.44
2017,-6.191608,106.853934,PROVINSI DKI JAKARTA,JAKARTA PUSAT,paseban,SENEN,0.71,41036.27
2017,-6.168937,106.846254,PROVINSI DKI JAKARTA,JAKARTA PUSAT,bungur,SENEN,0.63,37011.49
NA,-6.185297,106.847601,NA,NA,kramat  ,NA,NA,NA
2017,-6.184681,106.873222,PROVINSI DKI JAKARTA,JAKARTA PUSAT,cempaka putih timur,CEMPAKA PUTIH,2.23,1323.46
2017,-6.182591,106.865529,PROVINSI DKI JAKARTA,JAKARTA PUSAT,cempaka putih barat,CEMPAKA PUTIH,1.22,35468.12
2017,-6.173749,106.870486,PROVINSI DKI JAKARTA,JAKARTA PUSAT,cempaka putih timur,CEMPAKA PUTIH,2.23,1323.46
2017,-6.19033,106.87086,PROVINSI DKI JAKARTA,JAKARTA PUSAT,rawasari,CEMPAKA PUTIH,1.25,21312.22
2017,-6.199424,106.841338,PROVINSI DKI JAKARTA,JAKARTA PUSAT,menteng,MENTENG,2.44,12996.88
2017,-6.184158,106.829419,PROVINSI DKI JAKARTA,JAKARTA PUSAT,kebon sirih,MENTENG,0.83,19182.25
2017,-6.190339,106.834598,PROVINSI DKI JAKARTA,JAKARTA PUSAT,gondangdia,MENTENG,1.46,3491.98
2017,-6.203824,106.844943,PROVINSI DKI JAKARTA,JAKARTA PUSAT,menteng,MENTENG,2.44,12996.88
NA,-6.204021,106.850397,NA,NA,pegangsaan  ,NA,NA,NA
2017,-6.188992,106.839372,PROVINSI DKI JAKARTA,JAKARTA PUSAT,cikini,MENTENG,0.82,12533.8
2017,-6.199643,106.814722,PROVINSI DKI JAKARTA,JAKARTA PUSAT,kebon melati,TANAH ABANG,1.26,32813.2
2017,-6.184303,106.817861,PROVINSI DKI JAKARTA,JAKARTA PUSAT,kampung bali,TANAH ABANG,0.73,20395.1
2017,-6.190918,106.814796,PROVINSI DKI JAKARTA,JAKARTA PUSAT,kebon kacang,TANAH ABANG,0.71,37898.59
2017,-6.191275,106.812685,PROVINSI DKI JAKARTA,JAKARTA PUSAT,kebon melati,TANAH ABANG,1.26,32813.2
2017,-6.212139,106.815364,PROVINSI DKI JAKARTA,JAKARTA PUSAT,karet tengsin,TANAH ABANG,1.53,1538.3
2017,-6.20224,106.806677,PROVINSI DKI JAKARTA,JAKARTA PUSAT,bendungan hilir,TANAH ABANG,1.58,17003.3
2017,-6.193051,106.807929,PROVINSI DKI JAKARTA,JAKARTA PUSAT,petamburan,TANAH ABANG,0.9,47053.27
2017,-6.213956,106.798202,PROVINSI DKI JAKARTA,JAKARTA PUSAT,gelora,TANAH ABANG,2.59,1585.3
2017,-6.178947,106.856909,PROVINSI DKI JAKARTA,JAKARTA PUSAT,johar baru,JOHAR BARU,1.19,38193.12
2017,-6.183287,106.856429,PROVINSI DKI JAKARTA,JAKARTA PUSAT,johar baru,JOHAR BARU,1.19,38193.12
2017,-6.176375,106.856039,PROVINSI DKI JAKARTA,JAKARTA PUSAT,galur,JOHAR BARU,0.26,87935.11
2017,-6.183925,106.849222,PROVINSI DKI JAKARTA,JAKARTA PUSAT,tanah tinggi,JOHAR BARU,0.62,76118.16
2017,-6.181025,106.858917,PROVINSI DKI JAKARTA,JAKARTA PUSAT,kampung rawa,JOHAR BARU,0.3,90292.26
2017,-6.248021,106.807372,PROVINSI DKI JAKARTA,JAKARTA SELATAN,petogogan,KEBAYORAN BARU,0.86,1575.64
NA,-6.208303,106.824064,NA,NA,setiabudi,NA,NA,NA
2017,-6.207128,106.833992,PROVINSI DKI JAKARTA,JAKARTA SELATAN,guntur,SETIA BUDI,0.66,7004.85
NA,-6.208306,106.823895,NA,NA,setiabudi,NA,NA,NA
2017,-6.221831,106.83863,PROVINSI DKI JAKARTA,JAKARTA SELATAN,menteng atas,SETIA BUDI,0.9,36179.2
2017,-6.218649,106.824995,PROVINSI DKI JAKARTA,JAKARTA SELATAN,karet kuningan,SETIA BUDI,1.79,10468.98
2017,-6.209991,106.842042,PROVINSI DKI JAKARTA,JAKARTA SELATAN,pasar manggis,SETIA BUDI,0.78,40726.92
2017,-6.231713,106.825537,PROVINSI DKI JAKARTA,JAKARTA SELATAN,kuningan timur,SETIA BUDI,2.15,33.42
NA,-6.210916,106.825974,NA,NA,karet  ,NA,NA,NA
2017,-6.225741,106.821197,PROVINSI DKI JAKARTA,JAKARTA SELATAN,karet semanggi,SETIA BUDI,0.9,3383.45
2017,-6.231552,106.845882,PROVINSI DKI JAKARTA,JAKARTA SELATAN,tebet barat,TEBET,1.72,14333.33
NA,-6.217604,106.851555,NA,NA,manggarai  ,NA,NA,NA
2017,-6.232367,106.859392,PROVINSI DKI JAKARTA,JAKARTA SELATAN,kebon baru,TEBET,1.29,32351.3
2017,-6.234671,106.836639,PROVINSI DKI JAKARTA,JAKARTA SELATAN,menteng dalam,TEBET,2.1,20403.81
2017,-6.233082,106.848548,PROVINSI DKI JAKARTA,JAKARTA SELATAN,tebet barat,TEBET,1.72,14333.33
2017,-6.217682,106.847115,PROVINSI DKI JAKARTA,JAKARTA SELATAN,manggarai selatan,TEBET,0.51,52979.96
2017,-6.228593,106.858,PROVINSI DKI JAKARTA,JAKARTA SELATAN,tebet timur,TEBET,1.39,15143.27
2017,-6.224226,106.861295,PROVINSI DKI JAKARTA,JAKARTA SELATAN,bukit duri,TEBET,1.07,38779.55
2017,-6.248719,106.86007,PROVINSI DKI JAKARTA,JAKARTA SELATAN,pengadegan,PANCORAN,0.94,25415.69
NA,-6.260247,106.852472,NA,NA,rawajati,NA,NA,NA
2017,-6.248645,106.840984,PROVINSI DKI JAKARTA,JAKARTA SELATAN,pancoran,PANCORAN,1.22,18322.66
2017,-6.246327,106.852776,PROVINSI DKI JAKARTA,JAKARTA SELATAN,cikoko,PANCORAN,0.72,17652.39
2017,-6.25416,106.836715,PROVINSI DKI JAKARTA,JAKARTA SELATAN,duren tiga,PANCORAN,1.92,16882.2
2017,-6.250877,106.861189,PROVINSI DKI JAKARTA,JAKARTA SELATAN,pengadegan,PANCORAN,0.94,25415.69
2017,-6.262333,106.847113,PROVINSI DKI JAKARTA,JAKARTA SELATAN,kalibata,PANCORAN,2.29,21174.98
2017,-6.251473,106.824602,PROVINSI DKI JAKARTA,JAKARTA SELATAN,tegal parang,MAMPANG PRAPATAN,1.06,36156.25
2017,-6.259325,106.825994,PROVINSI DKI JAKARTA,JAKARTA SELATAN,bangka,MAMPANG PRAPATAN,3.3,7657.66
2017,-6.244954,106.828872,PROVINSI DKI JAKARTA,JAKARTA SELATAN,mampang prapatan,MAMPANG PRAPATAN,0.78,28114.54
2017,-6.252959,106.811305,PROVINSI DKI JAKARTA,JAKARTA SELATAN,pela mampang,MAMPANG PRAPATAN,1.62,31622.72
2017,-6.236647,106.820641,PROVINSI DKI JAKARTA,JAKARTA SELATAN,kuningan barat,MAMPANG PRAPATAN,0.98,1564.8
2017,-6.249551,106.83353,PROVINSI DKI JAKARTA,JAKARTA SELATAN,tegal parang,MAMPANG PRAPATAN,1.06,36156.25
NA,-6.249492,106.778543,NA,NA,keb. lama selatan,NA,NA,NA
NA,-6.246255,106.78318,NA,NA,keb. lama selatan,NA,NA,NA
2017,-6.269787,106.7759,PROVINSI DKI JAKARTA,JAKARTA SELATAN,pondok pinang,KEBAYORAN LAMA,6.84,931.38
2017,-6.210919,106.789311,PROVINSI DKI JAKARTA,JAKARTA SELATAN,grogol utara,KEBAYORAN LAMA,3.33,14999.1
NA,-6.241941,106.781189,NA,NA,keb. lama utara,NA,NA,NA
2017,-6.23038,106.783449,PROVINSI DKI JAKARTA,JAKARTA SELATAN,grogol selatan,KEBAYORAN LAMA,0.29,177591.62
2017,-6.239276,106.776349,PROVINSI DKI JAKARTA,JAKARTA SELATAN,cipulir,KEBAYORAN LAMA,1.93,23622.35
2017,-6.240066,106.788669,PROVINSI DKI JAKARTA,JAKARTA SELATAN,gunung,KEBAYORAN BARU,1.32,811.36
2017,-6.228791,106.811256,PROVINSI DKI JAKARTA,JAKARTA SELATAN,senayan,KEBAYORAN BARU,1.53,2339.65
2017,-6.238151,106.816269,PROVINSI DKI JAKARTA,JAKARTA SELATAN,rawa barat,KEBAYORAN BARU,0.69,9351.53
2017,-6.248446,106.802731,PROVINSI DKI JAKARTA,JAKARTA SELATAN,melawai,KEBAYORAN BARU,1.25,2578.17
2017,-6.262733,106.803077,PROVINSI DKI JAKARTA,JAKARTA SELATAN,cipete utara,KEBAYORAN BARU,1.83,21639.45
2017,-6.257229,106.787984,PROVINSI DKI JAKARTA,JAKARTA SELATAN,gandaria utara,KEBAYORAN BARU,1.52,30067.7
2017,-6.24418,106.813833,PROVINSI DKI JAKARTA,JAKARTA SELATAN,petogogan,KEBAYORAN BARU,0.86,1575.64
2017,-6.234648,106.788375,PROVINSI DKI JAKARTA,JAKARTA SELATAN,gunung,KEBAYORAN BARU,1.32,811.36
NA,-6.250743,106.809864,NA,NA,pulo ,NA,NA,NA
2017,-6.231998,106.814323,PROVINSI DKI JAKARTA,JAKARTA SELATAN,selong,KEBAYORAN BARU,1.4,2462.86
NA,-6.244897,106.790612,NA,NA,kramat pela ,NA,NA,NA
2017,-6.257046,106.756853,PROVINSI DKI JAKARTA,JAKARTA SELATAN,pesanggrahan,PESANGGRAHAN,2.1,1493.8
2017,-6.257105,106.757164,PROVINSI DKI JAKARTA,JAKARTA SELATAN,pesanggrahan,PESANGGRAHAN,2.1,1493.8
2017,-6.273001,106.764721,PROVINSI DKI JAKARTA,JAKARTA SELATAN,bintaro,PESANGGRAHAN,4.56,12983.53
2017,-6.245426,106.762181,PROVINSI DKI JAKARTA,JAKARTA SELATAN,ulujami,PESANGGRAHAN,1.71,27366.57
2017,-6.227044,106.753007,PROVINSI DKI JAKARTA,JAKARTA SELATAN,petukangan utara,PESANGGRAHAN,2.99,20305.44
2017,-6.249476,106.752904,PROVINSI DKI JAKARTA,JAKARTA SELATAN,petukangan selatan,PESANGGRAHAN,2.1,19786.76
2017,-6.291425,106.791,PROVINSI DKI JAKARTA,JAKARTA SELATAN,cilandak barat,CILANDAK,6.05,9754.71
2017,-6.282246,106.791863,PROVINSI DKI JAKARTA,JAKARTA SELATAN,cilandak barat,CILANDAK,6.05,9754.71
2017,-6.306322,106.798473,PROVINSI DKI JAKARTA,JAKARTA SELATAN,pondok labu,CILANDAK,3.91,13166.2
2017,-6.304672,106.784393,PROVINSI DKI JAKARTA,JAKARTA SELATAN,lebak bulus,CILANDAK,4.11,10111.8
2017,-6.270589,106.793997,PROVINSI DKI JAKARTA,JAKARTA SELATAN,gandaria selatan,CILANDAK,1.77,14276.27
2017,-6.274084,106.798793,PROVINSI DKI JAKARTA,JAKARTA SELATAN,cipete selatan,CILANDAK,2.32,13419.89
NA,-6.28476,106.835412,NA,NA,jatipadang,NA,NA,NA
2017,-6.294484,106.845311,PROVINSI DKI JAKARTA,JAKARTA SELATAN,pejaten timur,PASAR MINGGU,2.68,25047.23
2017,-6.285706,106.840462,PROVINSI DKI JAKARTA,JAKARTA SELATAN,pasar minggu,PASAR MINGGU,2.79,10221.46
NA,-6.286011,106.831808,NA,NA,jatipadang,NA,NA,NA
2017,-6.305311,106.819474,PROVINSI DKI JAKARTA,JAKARTA SELATAN,ragunan,PASAR MINGGU,5.05,8986.61
2017,-6.307066,106.810591,PROVINSI DKI JAKARTA,JAKARTA SELATAN,cilandak timur,PASAR MINGGU,3.53,8181.53
2017,-6.305348,106.819536,PROVINSI DKI JAKARTA,JAKARTA SELATAN,kebagusan,PASAR MINGGU,2.26,22191.59
2017,-6.269907,106.837677,PROVINSI DKI JAKARTA,JAKARTA SELATAN,pejaten barat,PASAR MINGGU,2.9,14758.96
2017,-6.334399,106.821343,PROVINSI DKI JAKARTA,JAKARTA SELATAN,jagakarsa,JAGAKARSA,4.85,14118.14
2017,-6.344783,106.802565,PROVINSI DKI JAKARTA,JAKARTA SELATAN,cipedak,JAGAKARSA,3.97,10296.69
2017,-6.323819,106.837398,PROVINSI DKI JAKARTA,JAKARTA SELATAN,lenteng agung,JAGAKARSA,2.28,26556.16
2017,-6.309626,106.850572,PROVINSI DKI JAKARTA,JAKARTA SELATAN,tanjung barat,JAGAKARSA,3.65,12294.59
2017,-6.345608,106.830956,PROVINSI DKI JAKARTA,JAKARTA SELATAN,srengseng sawah,JAGAKARSA,6.75,9534.31
2017,-6.328401,106.822541,PROVINSI DKI JAKARTA,JAKARTA SELATAN,jagakarsa,JAGAKARSA,4.85,14118.14
2017,-6.338143,106.810537,PROVINSI DKI JAKARTA,JAKARTA SELATAN,ciganjur,JAGAKARSA,3.38,12245.56
2017,-6.214097,106.944111,PROVINSI DKI JAKARTA,JAKARTA TIMUR,pulo gebang,CAKUNG,6.92,15267.2
2017,-6.197469,106.869184,PROVINSI DKI JAKARTA,JAKARTA TIMUR,utan kayu utara,MATRAMAN,1.07,30935.75
NA,-6.206925,106.861568,NA,NA,palmeriam,NA,NA,NA
2017,-6.206877,106.863378,PROVINSI DKI JAKARTA,JAKARTA TIMUR,kayu manis,MATRAMAN,0.58,51902.78
2017,-6.209251,106.871104,PROVINSI DKI JAKARTA,JAKARTA TIMUR,pisangan baru,MATRAMAN,0.68,5501.36
2017,-6.198169,106.865123,PROVINSI DKI JAKARTA,JAKARTA TIMUR,utan kayu utara,MATRAMAN,1.07,30935.75
2017,-6.205613,106.855637,PROVINSI DKI JAKARTA,JAKARTA TIMUR,kebon manggis,MATRAMAN,0.78,24945.66
2017,-6.200648,106.868821,PROVINSI DKI JAKARTA,JAKARTA TIMUR,utan kayu selatan,MATRAMAN,1.12,34699.7
2017,-6.228328,106.874508,PROVINSI DKI JAKARTA,JAKARTA TIMUR,cipinang cempedak,JATINEGARA,1.29,29496.9
NA,-6.221778,106.869846,NA,NA,rawabunga,NA,NA,NA
NA,-6.228245,106.874097,NA,NA,cip. cempedak,NA,NA,NA
NA,-6.217546,106.882302,NA,NA,cip. besar utara,NA,NA,NA
NA,-6.239849,106.867441,NA,NA,bidaracina,NA,NA,NA
NA,-6.214419,106.859681,NA,NA,kamp. melayu,NA,NA,NA
2017,6.2176,106.886142,PROVINSI DKI JAKARTA,JAKARTA TIMUR,cipinang muara,JATINEGARA,2.9,22161.31
NA,-6.220185,106.866838,NA,NA,balimester,NA,NA,NA
NA,-6.224268,106.883145,NA,NA,cip. besar selatan,NA,NA,NA
NA,-6.284982,106.871612,NA,NA,kramatjati,NA,NA,NA
2017,-6.250222,106.868379,PROVINSI DKI JAKARTA,JAKARTA TIMUR,cawang,KRAMAT JATI,1.79,21712.47
2017,-6.260432,106.870062,PROVINSI DKI JAKARTA,JAKARTA TIMUR,cililitan,KRAMAT JATI,1.76,26548.46
NA,-6.277326,106.871881,NA,NA,kramatjati,NA,NA,NA
2017,-6.282928,106.85893,PROVINSI DKI JAKARTA,JAKARTA TIMUR,batu ampar,KRAMAT JATI,2.55,21094.79
NA,-6.281622,106.850218,NA,NA,balekambang,NA,NA,NA
NA,-6.290255,106.864792,NA,NA,tengah,NA,NA,NA
2017,6.296,106.877223,PROVINSI DKI JAKARTA,JAKARTA TIMUR,dukuh,KRAMAT JATI,1.98,14195.57
2017,-6.182997,106.939931,PROVINSI DKI JAKARTA,JAKARTA TIMUR,cakung barat,CAKUNG,6.12,10944.27
2017,-6.197531,106.905384,PROVINSI DKI JAKARTA,JAKARTA TIMUR,jatinegara,CAKUNG,6.6,14699.5
NA,-6.185854,106.922913,NA,NA,rawaterate,NA,NA,NA
2017,-6.202838,106.931094,PROVINSI DKI JAKARTA,JAKARTA TIMUR,penggilingan,CAKUNG,4.48,2446.3
2017,-6.173563,106.93351,PROVINSI DKI JAKARTA,JAKARTA TIMUR,cakung barat,CAKUNG,6.12,10944.27
2017,-6.183502,106.957708,PROVINSI DKI JAKARTA,JAKARTA TIMUR,cakung timur,CAKUNG,9.81,6772.83
2017,-6.187648,106.962236,PROVINSI DKI JAKARTA,JAKARTA TIMUR,ujung menteng,CAKUNG,5.04,6637.79
NA,-6.216119,106.954549,NA,NA,pulogebang,NA,NA,NA
NA,-6.198503,106.904538,NA,NA,pulogadung,NA,NA,NA
NA,-6.185902,106.893786,NA,NA,pulogadung,NA,NA,NA
2017,-6.208508,106.877128,PROVINSI DKI JAKARTA,JAKARTA TIMUR,pisangan timur,PULO GADUNG,1.79,26923.72
NA,-6.208867,106.895363,NA,NA,cipinang   ,NA,NA,NA
2017,6.1796,106.887453,PROVINSI DKI JAKARTA,JAKARTA TIMUR,kayu putih,PULO GADUNG,4.37,10734.99
2017,-6.209146,106.897742,PROVINSI DKI JAKARTA,JAKARTA TIMUR,jatinegara kaum,PULO GADUNG,1.23,22801.13
2017,-6.199423,106.900225,PROVINSI DKI JAKARTA,JAKARTA TIMUR,jati,PULO GADUNG,2.16,17694.66
2017,-6.198972,106.880676,PROVINSI DKI JAKARTA,JAKARTA TIMUR,rawamangun,PULO GADUNG,2.6,16908.11
2017,-6.339764,106.869918,PROVINSI DKI JAKARTA,JAKARTA TIMUR,pekayon,PASAR REBO,3.18,15383.19
2017,-6.301494,106.865852,PROVINSI DKI JAKARTA,JAKARTA TIMUR,gedong,PASAR REBO,2.63,1551.25
2017,-6.324733,106.861983,PROVINSI DKI JAKARTA,JAKARTA TIMUR,cijantung,PASAR REBO,2.38,19517.56
2017,-6.323461,106.851069,PROVINSI DKI JAKARTA,JAKARTA TIMUR,baru,PASAR REBO,1.89,14377.2
2017,-6.337281,106.855849,PROVINSI DKI JAKARTA,JAKARTA TIMUR,kalisari,PASAR REBO,2.89,16579.37
2017,-6.343079,106.861852,PROVINSI DKI JAKARTA,JAKARTA TIMUR,pekayon,PASAR REBO,3.18,15383.19
2017,-6.233089,106.918125,PROVINSI DKI JAKARTA,JAKARTA TIMUR,duren sawit,DUREN SAWIT,4.56,15075.62
2017,6.216812,106.908209,PROVINSI DKI JAKARTA,JAKARTA TIMUR,klender,DUREN SAWIT,3.05,26605.44
2017,-6.235402,106.895585,PROVINSI DKI JAKARTA,JAKARTA TIMUR,pondok bambu,DUREN SAWIT,4.9,14155.81
2017,-6.23069,106.914643,PROVINSI DKI JAKARTA,JAKARTA TIMUR,duren sawit,DUREN SAWIT,4.56,15075.62
2017,-6.227572,106.927933,PROVINSI DKI JAKARTA,JAKARTA TIMUR,malaka sari,DUREN SAWIT,1.38,23549.88
2017,-6.222106,106.932476,PROVINSI DKI JAKARTA,JAKARTA TIMUR,malaka jaya,DUREN SAWIT,0.99,36662.62
2017,-6.229299,106.944619,PROVINSI DKI JAKARTA,JAKARTA TIMUR,pondok kopi,DUREN SAWIT,2.06,19442.23
2017,-6.240095,106.934856,PROVINSI DKI JAKARTA,JAKARTA TIMUR,pondok kelapa,DUREN SAWIT,5.72,13815.61
2017,-6.279282,106.878423,PROVINSI DKI JAKARTA,JAKARTA TIMUR,makasar,MAKASAR,1.61,24604.4
2017,-6.244576,106.898399,PROVINSI DKI JAKARTA,JAKARTA TIMUR,cipinang melayu,MAKASAR,2.53,19524.9
NA,-6.267795,106.877706,NA,NA,halim pk,NA,NA,NA
2017,-6.25773,106.879204,PROVINSI DKI JAKARTA,JAKARTA TIMUR,kebon pala,MAKASAR,2.3,23497.6
2017,-6.280352,106.876475,PROVINSI DKI JAKARTA,JAKARTA TIMUR,makasar,MAKASAR,1.61,24604.4
2017,-6.287579,106.881298,PROVINSI DKI JAKARTA,JAKARTA TIMUR,pinang ranti,MAKASAR,2.35,12813.95
2017,-6.320049,106.88333,PROVINSI DKI JAKARTA,JAKARTA TIMUR,ciracas,CIRACAS,3.93,185.62
2017,-6.312591,106.874923,PROVINSI DKI JAKARTA,JAKARTA TIMUR,susukan,CIRACAS,2.19,19548.55
2017,-6.301937,106.872058,PROVINSI DKI JAKARTA,JAKARTA TIMUR,rambutan,CIRACAS,2.09,20127.27
2017,6.3457,106.882052,PROVINSI DKI JAKARTA,JAKARTA TIMUR,kelapa dua wetan,CIRACAS,3.37,15134.48
2017,-6.328096,106.877884,PROVINSI DKI JAKARTA,JAKARTA TIMUR,ciracas,CIRACAS,3.93,185.62
2017,-6.349904,106.876481,PROVINSI DKI JAKARTA,JAKARTA TIMUR,cibubur,CIRACAS,4.5,16525.35
2017,-6.32872,106.888513,PROVINSI DKI JAKARTA,JAKARTA TIMUR,cipayung,CIPAYUNG,3.09,9501.13
2017,-6.289406,106.904153,PROVINSI DKI JAKARTA,JAKARTA TIMUR,lubang buaya,CIPAYUNG,3.72,19176.52
2017,-6.305784,106.906946,PROVINSI DKI JAKARTA,JAKARTA TIMUR,bambu apus,CIPAYUNG,3.17,9146.97
2017,-6.309277,106.914854,PROVINSI DKI JAKARTA,JAKARTA TIMUR,setu,CIPAYUNG,3.25,6724.59
2017,-6.324648,106.899462,PROVINSI DKI JAKARTA,JAKARTA TIMUR,cipayung,CIPAYUNG,3.09,9501.13
2017,-6.332411,106.903258,PROVINSI DKI JAKARTA,JAKARTA TIMUR,cilangkap,CIPAYUNG,6.04,4926.1
2017,-6.348482,106.893877,PROVINSI DKI JAKARTA,JAKARTA TIMUR,munjul,CIPAYUNG,1.9,13775.62
2017,-6.347936,106.914423,PROVINSI DKI JAKARTA,JAKARTA TIMUR,pondok ranggon,CIPAYUNG,3.66,7427.56
2017,-6.314432,106.889467,PROVINSI DKI JAKARTA,JAKARTA TIMUR,ceger,CIPAYUNG,3.63,5848.4
NA,-5.746724,106.613155,NA,NA,pulau panggang,NA,NA,NA
NA,-5.656511,106.573707,NA,NA,pulau kelapa,NA,NA,NA
NA,-5.6526,106.578022,NA,NA,pulau harapan,NA,NA,NA
NA,-5.656511,106.573707,NA,NA,pulau kelapa,NA,NA,NA
NA,-5.741208,106.603159,NA,NA,pulau panggang,NA,NA,NA
NA,-5.796551,106.493151,NA,NA,pulau tidung,NA,NA,NA
NA,-5.795517,106.496204,NA,NA,pulau tidung,NA,NA,NA
NA,-5.929255,106.585435,NA,NA,pulau pari,NA,NA,NA
NA,-5.978518,106.704003,NA,NA,pulau untung jawa,NA,NA,NA
